{"cameraMode":{"drawMode":0,"name":"Shaded","section":"Shading Mode"},"sceneLighting":false,"audioPlay":false,"sceneViewState":{"m_AlwaysRefresh":false,"showFog":true,"showSkybox":false,"showFlares":true,"showImageEffects":true,"showParticleSystems":true,"showVisualEffectGraphs":true,"m_FxEnabled":true},"in2DMode":false,"pivot":{"x":0.9127212762832642,"y":0.20000000298023225,"z":-1.2644567489624024},"rotation":{"x":0.01877046376466751,"y":-0.9752731919288635,"z":0.20055174827575684,"w":0.09124788641929627},"size":2.4048516750335695,"orthographic":false}